{
	"0.1.0": "messages/0.1.0.txt",
	"2.0.0": "messages/2.0.0.txt",
	"2.1.0": "messages/2.1.0.txt",
	"2.1.1": "messages/2.1.1.txt",
	"2.1.2": "messages/2.1.2.txt",
	"2.1.3": "messages/2.1.3.txt",
	"2.1.4": "messages/2.1.4.txt",
	"2.1.5": "messages/2.1.5.txt",
	"2.1.6": "messages/2.1.6.txt",
	"3.0.0": "messages/3.0.0.txt",
	"3.0.1": "messages/3.0.1.txt",
	"3.0.2": "messages/3.0.2.txt",
	"3.0.3": "messages/3.0.3.txt",
	"3.0.4": "messages/3.0.4.txt",
	"3.0.5": "messages/3.0.5.txt",
	"3.0.6": "messages/3.0.6.txt",
	"3.0.7": "messages/3.0.7.txt",
	"3.0.8": "messages/3.0.8.txt"
}
